<?xml version="1.0" encoding="UTF-8"?>
<project-private xmlns="http://www.netbeans.org/ns/project-private/1">
    <editor-bookmarks xmlns="http://www.netbeans.org/ns/editor-bookmarks/2" lastBookmarkId="0"/>
    <open-files xmlns="http://www.netbeans.org/ns/projectui-open-files/2">
        <group>
            <file>file:/D:/Volume_H/Fall/DUAN1/TaiLieu/DuAn1/UI/src/UI/DangnhapJDialog.java</file>
            <file>file:/D:/Volume_H/Fall/DUAN1/TaiLieu/DuAn1/UI/src/UI/HoadonJDialog1.java</file>
            <file>file:/D:/Volume_H/Fall/DUAN1/TaiLieu/DuAn1/UI/src/UI/SPVaoHDJDialog.java</file>
            <file>file:/D:/Volume_H/Fall/DUAN1/TaiLieu/DuAn1/UI/src/UI/TrangchuJFrame.java</file>
            <file>file:/D:/Volume_H/Fall/DUAN1/TaiLieu/DuAn1/UI/src/UI/SanphamJDialog.java</file>
            <file>file:/D:/Volume_H/Fall/DUAN1/TaiLieu/DuAn1/UI/src/UI/NhanVienJDialog.java</file>
        </group>
    </open-files>
</project-private>
